"top_50_pcent_gdp","bottom_50_pcent_gdp"
"1.34364250699339095326","0.87679409529484926838"
